id,name,address
1,"Bełchatów, Kościuszki","Kościuszki 12"
2,"Białystok PKS","Bohaterów Monte Cassino 10"
3,"Bielsko-Biała, Nowe Miasto","Legionów 26/28"
4,"Bolesławiec, Stary Dworzec","Hutnicza 7a"
5,"Bydgoszcz, Zielone Arkady","aleja Wojska Polskiego 1"
6,"Bytom, Szombierki","Karpacka 1a"
7,"Ciechanów, CH Mrówka","Niechodzka 5"
8,"Czechowice-Dziedzice, Kablownia","Legionów 83"
9,"Czeladź, Grodziecka","Grodziecka 2b"
10,"Częstochowa, Wrzosowiak","Jagiellońska 1"
11,"Elbląg, Grottgera","Artura Grottgera 53"
12,"Gdańsk, Oliwa","Aleja Grunwaldzka 309"
13,"Gdańsk, Orunia","Kurierów Armii Krajowej 15"
14,"Gdańsk, Osowa","Spacerowa 65"
15,"Gdynia, Dąbrowa","Rdestowa 160"
16,"Gliwice, Kolberga","Kolberga 41"
17,"Gliwice, Politechnika","Łużycka 16"
18,"Głogów, Glogovia","Marszałka Józefa Piłsudskiego 19"
19,"Głogów, Gwiaździsta","Gwiaździsta 1A"
20,"Głogów, Multibox","Generała Władysława Sikorskiego 17"
21,"Gubin, Hosso","Ułanów Karpackich 3"
22,"Jastrzębie-Zdrój, Turystyczna","Turystyczna 5F I G"
23,"Jelenia Góra, Pasaż Grodzki","Grodzka 7"
24,"Jelenia Góra, Zabobrze","Sygietyńskiego 2"
25,"Kalisz, Galeria Tęcza","3-Go Maja 1"
26,"Katowice, 4 Wieże","Chorzowska 212"
27,"Katowice, Galeria Manhattan","Szewska 11"
28,"Katowice, Korfantego","al. Wojciecha Korfantego 138"
29,"Katowice, Roździeńskiego","Roździeńskiego 14"
30,"Katowice, Wodospady","Wodospady 4"
31,"Katowice, Wrocławska","Wrocławska 54"
32,"Katowice, Załęże","Bocheńskiego 69"
33,"Kraków DH Wanda","Broniewskiego 1"
34,"Kraków, Aleja Pokoju","Aleja Pokoju 16"
35,"Kraków, Aleksandry","Aleksandry 11"
36,"Kraków, Azbud","Aleja Pokoju 78"
37,"Kraków, Bratysławska","Bratysławska 4"
38,"Kraków, Klimeckiego","Klimeckiego 1"
39,"Kraków, Reymonta","Reymonta 22A"
40,"Kraków, Solvay Park","Zakopiańska 105"
41,"Kraków, Stawowa","Stawowa 61"
42,"Kraków, Zachodnia","Zachodnia 27"
43,"Legionowo, Park","Jagiellońska 24"
44,"Legnica, Galeria Ferio","Chojnowska 41"
45,"Legnica, Marsa","Marsa 30"
46,"Lębork, Osiedle Sportowe","Olimpijczyków 1"
47,"Lubin, Cuprum Arena","Generała Władysława Sikorskiego 20"
48,"Lubin, Indomo","Zwierzyckiego 3"
49,"Lubin, Leszczynowa","Leszczynowa 27C"
50,"Łomianki, Warszawska","Warszawska 264"
51,"Łódź Ogrody Geyera","Piotrkowska 293/305"
52,"Łódź, Brama Miasta","płk. Jana Kilińskiego 66"
53,"Łódź, Chojny","Łokietka 2"
54,"Łódź, Chojny 2","Natalii 2"
55,"Łódź, Górna","Paderewskiego 11B"
56,"Łódź, Imagine","al. Marszałka Józefa Piłsudskiego 85-87"
57,"Łódź, Księży Młyn","Tymienieckiego 22/24"
58,"Łódź, Liściasta","Liściasta 19"
59,"Łódź, Teofilów","Plonowa 1/3"
60,"Łódź, Widzew","Andrzeja Sacharowa 16"
61,"Piaseczno, Puławska","Puławska 37"
62,"Polkowice, Głogowska","Głogowska 19"
63,"Poznań, Business Garden","Kolorowa 6"
64,"Poznań, NIKU","Piątkowska 200"
65,"Poznań, Pixel","Grunwaldzka 186"
66,"Poznań, Półwiejska","Półwiejska 2"
67,"Pruszcz Gdański, PCK","ul. Polskiego Czerwonego Krzyża 6,"
68,"Racibórz, Eichendorffa","Eichendorffa 12"
69,"Rawa Mazowiecka, Jerozolimska","Jerozolimska 3"
70,"Ruda Śląska, Aquadrom","Kłodnicka 95A"
71,"Rumia, Centrum Janowo","Dębogórska 132"
72,"Siedlce, Starowiejska","Starowiejska 21"
73,"Słupsk, Bolesławice","Wspólna 1"
74,"Sosnowiec, Teatralna","Teatralna 11"
75,"Stargard, Zachód","Szczecińska 45"
76,"Starogard Gdański, Zblewska","Zblewska 10"
77,"Sulejówek, Plac Czarnieckiego","plac Czarnieckiego 1"
78,"Swarzędz, ETC","Poznańska 6"
79,"Szczecin, Hanza","Wyzwolenia 46"
80,"Szczecin, Słoneczne Centrum","Andrzeja Struga 18"
81,"Świdnica, Galeria Świdnica","Westerplatte 29"
82,"Świebodzin, Hosso","Słowiańska 1"
83,"Wałbrzych, Piaskowa Góra","Długa 5A"
84,"Warszawa, Bemowo","Radiowa 1A"
85,"Warszawa, Browary Warszawskie","Grzybowska 56"
86,"Warszawa, Gocław","gen. Augusta Emila Fieldorfa „Nila” 41"
87,"Warszawa, Grochów","Grenadierów 41"
88,"Warszawa, Marki M1","al. Marszałka Józefa Piłsudskiego 1"
89,"Warszawa, Nowy Świat","Świętokrzyska 3"
90,"Warszawa, Plac Zawiszy","Al. Jerozolimskie 123a"
91,"Warszawa, Skorosze","Składkowskiego 4"
92,"Warszawa, Ursynów","Puławska 423"
93,"Warszawa, Wołoska","Wołoska 16"
94,"Warszawa, Złote Tarasy","Złota 59"
95,"Wejherowo, Przemysłowa","Przemysłowa 1"
96,"Wrocław, Astra","Horbaczewskiego 4-6"
97,"Wrocław, Biskupin","Wiwulskiego 12"
98,"Wrocław, Ferio Gaj","Świeradowska 51/57"
99,"Wrocław, Grabiszyn","Grabiszyńska 269"
100,"Wrocław, Karłowice","Długosza 74"
101,"Wrocław, Kleczków","Trzebnicka 33"
102,"Wrocław, OVO","Podwale 83"
103,"Wrocław, Tęczowa","Tęczowa 83x"
104,"Zabrze, Arena","Roosevelta 81"
105,"Żary, Zatorze","Serbska 4a"
