ts,club_id,n
2026-09-01T00:01Z,1,2
2026-09-01T00:01Z,2,20
2026-09-01T00:01Z,3,7
2026-09-01T00:01Z,4,11
2026-09-01T00:01Z,5,9
2026-09-01T00:01Z,6,6
2026-09-01T00:01Z,7,3
2026-09-01T00:01Z,8,11
2026-09-01T00:01Z,9,4
2026-09-01T00:01Z,10,5
2026-09-01T00:01Z,11,3
2026-09-01T00:01Z,12,8
2026-09-01T00:01Z,13,5
2026-09-01T00:01Z,14,0
2026-09-01T00:01Z,15,1
2026-09-01T00:01Z,16,7
2026-09-01T00:01Z,17,4
2026-09-01T00:01Z,18,10
2026-09-01T00:01Z,19,2
2026-09-01T00:01Z,20,7
2026-09-01T00:01Z,21,3
2026-09-01T00:01Z,22,6
2026-09-01T00:01Z,23,0
2026-09-01T00:01Z,24,4
2026-09-01T00:01Z,25,1
2026-09-01T00:01Z,26,3
2026-09-01T00:01Z,27,5
2026-09-01T00:01Z,28,5
2026-09-01T00:01Z,29,5
2026-09-01T00:01Z,30,9
2026-09-01T00:01Z,31,4
2026-09-01T00:01Z,32,0
2026-09-01T00:01Z,33,4
2026-09-01T00:01Z,34,7
2026-09-01T00:01Z,35,2
2026-09-01T00:01Z,36,5
2026-09-01T00:01Z,37,17
2026-09-01T00:01Z,38,0
2026-09-01T00:01Z,39,4
2026-09-01T00:01Z,40,8
2026-09-01T00:01Z,41,0
2026-09-01T00:01Z,42,2
2026-09-01T00:01Z,43,13
2026-09-01T00:01Z,44,11
2026-09-01T00:01Z,45,2
2026-09-01T00:01Z,46,5
2026-09-01T00:01Z,47,0
2026-09-01T00:01Z,48,10
2026-09-01T00:01Z,49,5
2026-09-01T00:01Z,50,3
2026-09-01T00:01Z,51,6
2026-09-01T00:01Z,52,6
2026-09-01T00:01Z,53,1
2026-09-01T00:01Z,54,1
2026-09-01T00:01Z,55,4
2026-09-01T00:01Z,56,0
2026-09-01T00:01Z,57,1
2026-09-01T00:01Z,58,1
2026-09-01T00:01Z,59,3
2026-09-01T00:01Z,60,1
2026-09-01T00:01Z,61,8
2026-09-01T00:01Z,62,3
2026-09-01T00:01Z,63,8
2026-09-01T00:01Z,64,8
2026-09-01T00:01Z,65,2
2026-09-01T00:01Z,66,6
2026-09-01T00:01Z,67,0
2026-09-01T00:01Z,68,3
2026-09-01T00:01Z,69,0
2026-09-01T00:01Z,70,9
2026-09-01T00:01Z,71,6
2026-09-01T00:01Z,72,6
2026-09-01T00:01Z,73,1
2026-09-01T00:01Z,74,1
2026-09-01T00:01Z,75,4
2026-09-01T00:01Z,76,3
2026-09-01T00:01Z,77,4
2026-09-01T00:01Z,78,2
2026-09-01T00:01Z,79,13
2026-09-01T00:01Z,80,2
2026-09-01T00:01Z,81,10
2026-09-01T00:01Z,82,3
2026-09-01T00:01Z,83,0
2026-09-01T00:01Z,84,5
2026-09-01T00:01Z,85,7
2026-09-01T00:01Z,86,13
2026-09-01T00:01Z,87,6
2026-09-01T00:01Z,88,11
2026-09-01T00:01Z,89,5
2026-09-01T00:01Z,90,4
2026-09-01T00:01Z,91,3
2026-09-01T00:01Z,92,10
2026-09-01T00:01Z,93,10
2026-09-01T00:01Z,94,8
2026-09-01T00:01Z,95,6
2026-09-01T00:01Z,96,7
2026-09-01T00:01Z,97,3
2026-09-01T00:01Z,98,12
2026-09-01T00:01Z,99,6
2026-09-01T00:01Z,100,3
2026-09-01T00:01Z,101,6
2026-09-01T00:01Z,102,0
2026-09-01T00:01Z,103,5
2026-09-01T00:01Z,104,13
2026-09-01T00:01Z,105,3
2026-09-01T00:16Z,1,1
2026-09-01T00:16Z,2,15
2026-09-01T00:16Z,3,6
2026-09-01T00:16Z,4,9
2026-09-01T00:16Z,5,9
2026-09-01T00:16Z,6,6
2026-09-01T00:16Z,7,2
2026-09-01T00:16Z,8,7
2026-09-01T00:16Z,9,1
2026-09-01T00:16Z,10,7
2026-09-01T00:16Z,11,3
2026-09-01T00:16Z,12,8
2026-09-01T00:16Z,13,5
2026-09-01T00:16Z,14,0
2026-09-01T00:16Z,15,1
2026-09-01T00:16Z,16,4
2026-09-01T00:16Z,17,3
2026-09-01T00:16Z,18,10
2026-09-01T00:16Z,19,2
2026-09-01T00:16Z,20,5
2026-09-01T00:16Z,21,1
2026-09-01T00:16Z,22,5
2026-09-01T00:16Z,23,0
2026-09-01T00:16Z,24,2
2026-09-01T00:16Z,25,0
2026-09-01T00:16Z,26,2
2026-09-01T00:16Z,27,4
2026-09-01T00:16Z,28,4
2026-09-01T00:16Z,29,4
2026-09-01T00:16Z,30,10
2026-09-01T00:16Z,31,3
2026-09-01T00:16Z,32,0
2026-09-01T00:16Z,33,2
2026-09-01T00:16Z,34,8
2026-09-01T00:16Z,35,1
2026-09-01T00:16Z,36,5
2026-09-01T00:16Z,37,14
2026-09-01T00:16Z,38,0
2026-09-01T00:16Z,39,3
2026-09-01T00:16Z,40,7
2026-09-01T00:16Z,41,0
2026-09-01T00:16Z,42,1
2026-09-01T00:16Z,43,10
2026-09-01T00:16Z,44,10
2026-09-01T00:16Z,45,1
2026-09-01T00:16Z,46,5
2026-09-01T00:16Z,47,0
2026-09-01T00:16Z,48,5
2026-09-01T00:16Z,49,5
2026-09-01T00:16Z,50,2
2026-09-01T00:16Z,51,3
2026-09-01T00:16Z,52,6
2026-09-01T00:16Z,53,1
2026-09-01T00:16Z,54,1
2026-09-01T00:16Z,55,4
2026-09-01T00:16Z,56,0
2026-09-01T00:16Z,57,1
2026-09-01T00:16Z,58,2
2026-09-01T00:16Z,59,2
2026-09-01T00:16Z,60,0
2026-09-01T00:16Z,61,5
2026-09-01T00:16Z,62,3
2026-09-01T00:16Z,63,5
2026-09-01T00:16Z,64,7
2026-09-01T00:16Z,65,1
2026-09-01T00:16Z,66,6
2026-09-01T00:16Z,67,0
2026-09-01T00:16Z,68,3
2026-09-01T00:16Z,69,0
2026-09-01T00:16Z,70,8
2026-09-01T00:16Z,71,6
2026-09-01T00:16Z,72,4
2026-09-01T00:16Z,73,1
2026-09-01T00:16Z,74,1
2026-09-01T00:16Z,75,3
2026-09-01T00:16Z,76,1
2026-09-01T00:16Z,77,4
2026-09-01T00:16Z,78,2
2026-09-01T00:16Z,79,10
2026-09-01T00:16Z,80,2
2026-09-01T00:16Z,81,6
2026-09-01T00:16Z,82,3
2026-09-01T00:16Z,83,0
2026-09-01T00:16Z,84,5
2026-09-01T00:16Z,85,6
2026-09-01T00:16Z,86,9
2026-09-01T00:16Z,87,3
2026-09-01T00:16Z,88,9
2026-09-01T00:16Z,89,4
2026-09-01T00:16Z,90,4
2026-09-01T00:16Z,91,3
2026-09-01T00:16Z,92,10
2026-09-01T00:16Z,93,9
2026-09-01T00:16Z,94,7
2026-09-01T00:16Z,95,7
2026-09-01T00:16Z,96,8
2026-09-01T00:16Z,97,2
2026-09-01T00:16Z,98,12
2026-09-01T00:16Z,99,4
2026-09-01T00:16Z,100,4
2026-09-01T00:16Z,101,5
2026-09-01T00:16Z,102,0
2026-09-01T00:16Z,103,5
2026-09-01T00:16Z,104,10
2026-09-01T00:16Z,105,3
2026-09-01T00:31Z,1,0
2026-09-01T00:31Z,2,12
2026-09-01T00:31Z,3,4
2026-09-01T00:31Z,4,9
2026-09-01T00:31Z,5,8
2026-09-01T00:31Z,6,6
2026-09-01T00:31Z,7,2
2026-09-01T00:31Z,8,7
2026-09-01T00:31Z,9,1
2026-09-01T00:31Z,10,6
2026-09-01T00:31Z,11,3
2026-09-01T00:31Z,12,8
2026-09-01T00:31Z,13,4
2026-09-01T00:31Z,14,0
2026-09-01T00:31Z,15,0
2026-09-01T00:31Z,16,2
2026-09-01T00:31Z,17,4
2026-09-01T00:31Z,18,9
2026-09-01T00:31Z,19,0
2026-09-01T00:31Z,20,5
2026-09-01T00:31Z,21,0
2026-09-01T00:31Z,22,4
2026-09-01T00:31Z,23,0
2026-09-01T00:31Z,24,1
2026-09-01T00:31Z,25,0
2026-09-01T00:31Z,26,0
2026-09-01T00:31Z,27,4
2026-09-01T00:31Z,28,3
2026-09-01T00:31Z,29,3
2026-09-01T00:31Z,30,7
2026-09-01T00:31Z,31,2
2026-09-01T00:31Z,32,0
2026-09-01T00:31Z,33,2
2026-09-01T00:31Z,34,6
2026-09-01T00:31Z,35,1
2026-09-01T00:31Z,36,5
2026-09-01T00:31Z,37,13
2026-09-01T00:31Z,38,0
2026-09-01T00:31Z,39,2
2026-09-01T00:31Z,40,6
2026-09-01T00:31Z,41,0
2026-09-01T00:31Z,42,1
2026-09-01T00:31Z,43,9
2026-09-01T00:31Z,44,5
2026-09-01T00:31Z,45,1
2026-09-01T00:31Z,46,4
2026-09-01T00:31Z,47,0
2026-09-01T00:31Z,48,4
2026-09-01T00:31Z,49,2
2026-09-01T00:31Z,50,1
2026-09-01T00:31Z,51,3
2026-09-01T00:31Z,52,6
2026-09-01T00:31Z,53,1
2026-09-01T00:31Z,54,1
2026-09-01T00:31Z,55,3
2026-09-01T00:31Z,56,0
2026-09-01T00:31Z,57,1
2026-09-01T00:31Z,58,2
2026-09-01T00:31Z,59,1
2026-09-01T00:31Z,60,2
2026-09-01T00:31Z,61,1
2026-09-01T00:31Z,62,3
2026-09-01T00:31Z,63,5
2026-09-01T00:31Z,64,5
2026-09-01T00:31Z,65,1
2026-09-01T00:31Z,66,5
2026-09-01T00:31Z,67,0
2026-09-01T00:31Z,68,3
2026-09-01T00:31Z,69,0
2026-09-01T00:31Z,70,6
2026-09-01T00:31Z,71,6
2026-09-01T00:31Z,72,4
2026-09-01T00:31Z,73,1
2026-09-01T00:31Z,74,2
2026-09-01T00:31Z,75,3
2026-09-01T00:31Z,76,1
2026-09-01T00:31Z,77,4
2026-09-01T00:31Z,78,1
2026-09-01T00:31Z,79,10
2026-09-01T00:31Z,80,2
2026-09-01T00:31Z,81,4
2026-09-01T00:31Z,82,2
2026-09-01T00:31Z,83,0
2026-09-01T00:31Z,84,5
2026-09-01T00:31Z,85,7
2026-09-01T00:31Z,86,9
2026-09-01T00:31Z,87,3
2026-09-01T00:31Z,88,7
2026-09-01T00:31Z,89,3
2026-09-01T00:31Z,90,3
2026-09-01T00:31Z,91,2
2026-09-01T00:31Z,92,7
2026-09-01T00:31Z,93,6
2026-09-01T00:31Z,94,4
2026-09-01T00:31Z,95,7
2026-09-01T00:31Z,96,9
2026-09-01T00:31Z,97,0
2026-09-01T00:31Z,98,7
2026-09-01T00:31Z,99,2
2026-09-01T00:31Z,100,4
2026-09-01T00:31Z,101,5
2026-09-01T00:31Z,102,0
2026-09-01T00:31Z,103,5
2026-09-01T00:31Z,104,10
2026-09-01T00:31Z,105,2
2026-09-01T00:46Z,1,0
2026-09-01T00:46Z,2,13
2026-09-01T00:46Z,3,3
2026-09-01T00:46Z,4,4
2026-09-01T00:46Z,5,8
2026-09-01T00:46Z,6,6
2026-09-01T00:46Z,7,2
2026-09-01T00:46Z,8,5
2026-09-01T00:46Z,9,1
2026-09-01T00:46Z,10,5
2026-09-01T00:46Z,11,3
2026-09-01T00:46Z,12,8
2026-09-01T00:46Z,13,3
2026-09-01T00:46Z,14,0
2026-09-01T00:46Z,15,1
2026-09-01T00:46Z,16,2
2026-09-01T00:46Z,17,5
2026-09-01T00:46Z,18,7
2026-09-01T00:46Z,19,0
2026-09-01T00:46Z,20,5
2026-09-01T00:46Z,21,1
2026-09-01T00:46Z,22,4
2026-09-01T00:46Z,23,0
2026-09-01T00:46Z,24,0
2026-09-01T00:46Z,25,0
2026-09-01T00:46Z,26,0
2026-09-01T00:46Z,27,2
2026-09-01T00:46Z,28,3
2026-09-01T00:46Z,29,3
2026-09-01T00:46Z,30,6
2026-09-01T00:46Z,31,2
2026-09-01T00:46Z,32,0
2026-09-01T00:46Z,33,2
2026-09-01T00:46Z,34,6
2026-09-01T00:46Z,35,1
2026-09-01T00:46Z,36,4
2026-09-01T00:46Z,37,13
2026-09-01T00:46Z,38,0
2026-09-01T00:46Z,39,2
2026-09-01T00:46Z,40,3
2026-09-01T00:46Z,41,0
2026-09-01T00:46Z,42,0
2026-09-01T00:46Z,43,5
2026-09-01T00:46Z,44,3
2026-09-01T00:46Z,45,2
2026-09-01T00:46Z,46,1
2026-09-01T00:46Z,47,0
2026-09-01T00:46Z,48,5
2026-09-01T00:46Z,49,2
2026-09-01T00:46Z,50,1
2026-09-01T00:46Z,51,2
2026-09-01T00:46Z,52,6
2026-09-01T00:46Z,53,1
2026-09-01T00:46Z,54,1
2026-09-01T00:46Z,55,3
2026-09-01T00:46Z,56,1
2026-09-01T00:46Z,57,1
2026-09-01T00:46Z,58,1
2026-09-01T00:46Z,59,1
2026-09-01T00:46Z,60,2
2026-09-01T00:46Z,61,1
2026-09-01T00:46Z,62,2
2026-09-01T00:46Z,63,4
2026-09-01T00:46Z,64,3
2026-09-01T00:46Z,65,0
2026-09-01T00:46Z,66,3
2026-09-01T00:46Z,67,0
2026-09-01T00:46Z,68,2
2026-09-01T00:46Z,69,0
2026-09-01T00:46Z,70,5
2026-09-01T00:46Z,71,5
2026-09-01T00:46Z,72,2
2026-09-01T00:46Z,73,0
2026-09-01T00:46Z,74,2
2026-09-01T00:46Z,75,3
2026-09-01T00:46Z,76,1
2026-09-01T00:46Z,77,2
2026-09-01T00:46Z,78,0
2026-09-01T00:46Z,79,6
2026-09-01T00:46Z,80,2
2026-09-01T00:46Z,81,4
2026-09-01T00:46Z,82,2
2026-09-01T00:46Z,83,1
2026-09-01T00:46Z,84,2
2026-09-01T00:46Z,85,6
2026-09-01T00:46Z,86,8
2026-09-01T00:46Z,87,3
2026-09-01T00:46Z,88,3
2026-09-01T00:46Z,89,3
2026-09-01T00:46Z,90,1
2026-09-01T00:46Z,91,2
2026-09-01T00:46Z,92,7
2026-09-01T00:46Z,93,3
2026-09-01T00:46Z,94,2
2026-09-01T00:46Z,95,3
2026-09-01T00:46Z,96,9
2026-09-01T00:46Z,97,0
2026-09-01T00:46Z,98,12
2026-09-01T00:46Z,99,1
2026-09-01T00:46Z,100,3
2026-09-01T00:46Z,101,6
2026-09-01T00:46Z,102,0
2026-09-01T00:46Z,103,5
2026-09-01T00:46Z,104,7
2026-09-01T00:46Z,105,1
2026-09-01T01:01Z,1,0
2026-09-01T01:01Z,2,7
2026-09-01T01:01Z,3,3
2026-09-01T01:01Z,4,4
2026-09-01T01:01Z,5,7
2026-09-01T01:01Z,6,6
2026-09-01T01:01Z,7,2
2026-09-01T01:01Z,8,3
2026-09-01T01:01Z,9,1
2026-09-01T01:01Z,10,3
2026-09-01T01:01Z,11,2
2026-09-01T01:01Z,12,6
2026-09-01T01:01Z,13,3
2026-09-01T01:01Z,14,0
2026-09-01T01:01Z,15,1
2026-09-01T01:01Z,16,2
2026-09-01T01:01Z,17,4
2026-09-01T01:01Z,18,7
2026-09-01T01:01Z,19,0
2026-09-01T01:01Z,20,4
2026-09-01T01:01Z,21,1
2026-09-01T01:01Z,22,2
2026-09-01T01:01Z,23,0
2026-09-01T01:01Z,24,0
2026-09-01T01:01Z,25,0
2026-09-01T01:01Z,26,1
2026-09-01T01:01Z,27,1
2026-09-01T01:01Z,28,3
2026-09-01T01:01Z,29,2
2026-09-01T01:01Z,30,5
2026-09-01T01:01Z,31,2
2026-09-01T01:01Z,32,0
2026-09-01T01:01Z,33,2
2026-09-01T01:01Z,34,5
2026-09-01T01:01Z,35,1
2026-09-01T01:01Z,36,2
2026-09-01T01:01Z,37,8
2026-09-01T01:01Z,38,0
2026-09-01T01:01Z,39,1
2026-09-01T01:01Z,40,3
2026-09-01T01:01Z,41,0
2026-09-01T01:01Z,42,0
2026-09-01T01:01Z,43,5
2026-09-01T01:01Z,44,3
2026-09-01T01:01Z,45,2
2026-09-01T01:01Z,46,1
2026-09-01T01:01Z,47,0
2026-09-01T01:01Z,48,5
2026-09-01T01:01Z,49,1
2026-09-01T01:01Z,50,0
2026-09-01T01:01Z,51,2
2026-09-01T01:01Z,52,3
2026-09-01T01:01Z,53,1
2026-09-01T01:01Z,54,1
2026-09-01T01:01Z,55,2
2026-09-01T01:01Z,56,1
2026-09-01T01:01Z,57,1
2026-09-01T01:01Z,58,2
2026-09-01T01:01Z,59,0
2026-09-01T01:01Z,60,2
2026-09-01T01:01Z,61,1
2026-09-01T01:01Z,62,2
2026-09-01T01:01Z,63,2
2026-09-01T01:01Z,64,2
2026-09-01T01:01Z,65,0
2026-09-01T01:01Z,66,3
2026-09-01T01:01Z,67,0
2026-09-01T01:01Z,68,2
2026-09-01T01:01Z,69,0
2026-09-01T01:01Z,70,3
2026-09-01T01:01Z,71,4
2026-09-01T01:01Z,72,2
2026-09-01T01:01Z,73,0
2026-09-01T01:01Z,74,3
2026-09-01T01:01Z,75,3
2026-09-01T01:01Z,76,1
2026-09-01T01:01Z,77,2
2026-09-01T01:01Z,78,0
2026-09-01T01:01Z,79,4
2026-09-01T01:01Z,80,0
2026-09-01T01:01Z,81,4
2026-09-01T01:01Z,82,2
2026-09-01T01:01Z,83,1
2026-09-01T01:01Z,84,1
2026-09-01T01:01Z,85,6
2026-09-01T01:01Z,86,5
2026-09-01T01:01Z,87,3
2026-09-01T01:01Z,88,3
2026-09-01T01:01Z,89,1
2026-09-01T01:01Z,90,1
2026-09-01T01:01Z,91,2
2026-09-01T01:01Z,92,7
2026-09-01T01:01Z,93,4
2026-09-01T01:01Z,94,2
2026-09-01T01:01Z,95,3
2026-09-01T01:01Z,96,8
2026-09-01T01:01Z,97,0
2026-09-01T01:01Z,98,11
2026-09-01T01:01Z,99,1
2026-09-01T01:01Z,100,4
2026-09-01T01:01Z,101,6
2026-09-01T01:01Z,102,0
2026-09-01T01:01Z,103,2
2026-09-01T01:01Z,104,5
2026-09-01T01:01Z,105,1
2026-09-01T01:15Z,1,0
2026-09-01T01:15Z,2,7
2026-09-01T01:15Z,3,4
2026-09-01T01:15Z,4,6
2026-09-01T01:15Z,5,4
2026-09-01T01:15Z,6,5
2026-09-01T01:15Z,7,2
2026-09-01T01:15Z,8,4
2026-09-01T01:15Z,9,2
2026-09-01T01:15Z,10,3
2026-09-01T01:15Z,11,1
2026-09-01T01:15Z,12,5
2026-09-01T01:15Z,13,2
2026-09-01T01:15Z,14,0
2026-09-01T01:15Z,15,1
2026-09-01T01:15Z,16,1
2026-09-01T01:15Z,17,4
2026-09-01T01:15Z,18,5
2026-09-01T01:15Z,19,0
2026-09-01T01:15Z,20,2
2026-09-01T01:15Z,21,1
2026-09-01T01:15Z,22,2
2026-09-01T01:15Z,23,0
2026-09-01T01:15Z,24,0
2026-09-01T01:15Z,25,0
2026-09-01T01:15Z,26,1
2026-09-01T01:15Z,27,1
2026-09-01T01:15Z,28,3
2026-09-01T01:15Z,29,3
2026-09-01T01:15Z,30,4
2026-09-01T01:15Z,31,3
2026-09-01T01:15Z,32,0
2026-09-01T01:15Z,33,1
2026-09-01T01:15Z,34,5
2026-09-01T01:15Z,35,1
2026-09-01T01:15Z,36,2
2026-09-01T01:15Z,37,9
2026-09-01T01:15Z,38,0
2026-09-01T01:15Z,39,2
2026-09-01T01:15Z,40,4
2026-09-01T01:15Z,41,0
2026-09-01T01:15Z,42,0
2026-09-01T01:15Z,43,4
2026-09-01T01:15Z,44,2
2026-09-01T01:15Z,45,2
2026-09-01T01:15Z,46,1
2026-09-01T01:15Z,47,0
2026-09-01T01:15Z,48,5
2026-09-01T01:15Z,49,1
2026-09-01T01:15Z,50,0
2026-09-01T01:15Z,51,1
2026-09-01T01:15Z,52,2
2026-09-01T01:15Z,53,1
2026-09-01T01:15Z,54,1
2026-09-01T01:15Z,55,2
2026-09-01T01:15Z,56,1
2026-09-01T01:15Z,57,1
2026-09-01T01:15Z,58,2
2026-09-01T01:15Z,59,0
2026-09-01T01:15Z,60,2
2026-09-01T01:15Z,61,0
2026-09-01T01:15Z,62,3
2026-09-01T01:15Z,63,1
2026-09-01T01:15Z,64,1
2026-09-01T01:15Z,65,0
2026-09-01T01:15Z,66,3
2026-09-01T01:15Z,67,0
2026-09-01T01:15Z,68,2
2026-09-01T01:15Z,69,0
2026-09-01T01:15Z,70,1
2026-09-01T01:15Z,71,4
2026-09-01T01:15Z,72,2
2026-09-01T01:15Z,73,0
2026-09-01T01:15Z,74,3
2026-09-01T01:15Z,75,2
2026-09-01T01:15Z,76,1
2026-09-01T01:15Z,77,2
2026-09-01T01:15Z,78,0
2026-09-01T01:15Z,79,6
2026-09-01T01:15Z,80,0
2026-09-01T01:15Z,81,4
2026-09-01T01:15Z,82,2
2026-09-01T01:15Z,83,1
2026-09-01T01:15Z,84,1
2026-09-01T01:15Z,85,5
2026-09-01T01:15Z,86,5
2026-09-01T01:15Z,87,3
2026-09-01T01:15Z,88,3
2026-09-01T01:15Z,89,1
2026-09-01T01:15Z,90,0
2026-09-01T01:15Z,91,0
2026-09-01T01:15Z,92,6
2026-09-01T01:15Z,93,5
2026-09-01T01:15Z,94,2
2026-09-01T01:15Z,95,3
2026-09-01T01:15Z,96,8
2026-09-01T01:15Z,97,0
2026-09-01T01:15Z,98,8
2026-09-01T01:15Z,99,1
2026-09-01T01:15Z,100,4
2026-09-01T01:15Z,101,4
2026-09-01T01:15Z,102,0
2026-09-01T01:15Z,103,2
2026-09-01T01:15Z,104,5
2026-09-01T01:15Z,105,1
2026-09-01T01:31Z,1,0
2026-09-01T01:31Z,2,5
2026-09-01T01:31Z,3,4
2026-09-01T01:31Z,4,5
2026-09-01T01:31Z,5,4
2026-09-01T01:31Z,6,2
2026-09-01T01:31Z,7,0
2026-09-01T01:31Z,8,2
2026-09-01T01:31Z,9,2
2026-09-01T01:31Z,10,4
2026-09-01T01:31Z,11,1
2026-09-01T01:31Z,12,3
2026-09-01T01:31Z,13,3
2026-09-01T01:31Z,14,0
2026-09-01T01:31Z,15,2
2026-09-01T01:31Z,16,1
2026-09-01T01:31Z,17,3
2026-09-01T01:31Z,18,5
2026-09-01T01:31Z,19,1
2026-09-01T01:31Z,20,2
2026-09-01T01:31Z,21,1
2026-09-01T01:31Z,22,1
2026-09-01T01:31Z,23,0
2026-09-01T01:31Z,24,1
2026-09-01T01:31Z,25,0
2026-09-01T01:31Z,26,1
2026-09-01T01:31Z,27,0
2026-09-01T01:31Z,28,4
2026-09-01T01:31Z,29,4
2026-09-01T01:31Z,30,5
2026-09-01T01:31Z,31,3
2026-09-01T01:31Z,32,0
2026-09-01T01:31Z,33,0
2026-09-01T01:31Z,34,3
2026-09-01T01:31Z,35,1
2026-09-01T01:31Z,36,2
2026-09-01T01:31Z,37,9
2026-09-01T01:31Z,38,0
2026-09-01T01:31Z,39,2
2026-09-01T01:31Z,40,5
2026-09-01T01:31Z,41,0
2026-09-01T01:31Z,42,0
2026-09-01T01:31Z,43,4
2026-09-01T01:31Z,44,3
2026-09-01T01:31Z,45,2
2026-09-01T01:31Z,46,0
2026-09-01T01:31Z,47,0
2026-09-01T01:31Z,48,4
2026-09-01T01:31Z,49,1
2026-09-01T01:31Z,50,2
2026-09-01T01:31Z,51,0
2026-09-01T01:31Z,52,3
2026-09-01T01:31Z,53,1
2026-09-01T01:31Z,54,1
2026-09-01T01:31Z,55,0
2026-09-01T01:31Z,56,1
2026-09-01T01:31Z,57,0
2026-09-01T01:31Z,58,2
2026-09-01T01:31Z,59,0
2026-09-01T01:31Z,60,2
2026-09-01T01:31Z,61,1
2026-09-01T01:31Z,62,2
2026-09-01T01:31Z,63,1
2026-09-01T01:31Z,64,0
2026-09-01T01:31Z,65,0
2026-09-01T01:31Z,66,3
2026-09-01T01:31Z,67,0
2026-09-01T01:31Z,68,2
2026-09-01T01:31Z,69,0
2026-09-01T01:31Z,70,0
2026-09-01T01:31Z,71,4
2026-09-01T01:31Z,72,1
2026-09-01T01:31Z,73,0
2026-09-01T01:31Z,74,3
2026-09-01T01:31Z,75,1
2026-09-01T01:31Z,76,2
2026-09-01T01:31Z,77,2
2026-09-01T01:31Z,78,0
2026-09-01T01:31Z,79,4
2026-09-01T01:31Z,80,0
2026-09-01T01:31Z,81,4
2026-09-01T01:31Z,82,2
2026-09-01T01:31Z,83,1
2026-09-01T01:31Z,84,1
2026-09-01T01:31Z,85,3
2026-09-01T01:31Z,86,6
2026-09-01T01:31Z,87,3
2026-09-01T01:31Z,88,3
2026-09-01T01:31Z,89,1
2026-09-01T01:31Z,90,1
2026-09-01T01:31Z,91,0
2026-09-01T01:31Z,92,6
2026-09-01T01:31Z,93,5
2026-09-01T01:31Z,94,1
2026-09-01T01:31Z,95,3
2026-09-01T01:31Z,96,8
2026-09-01T01:31Z,97,0
2026-09-01T01:31Z,98,8
2026-09-01T01:31Z,99,1
2026-09-01T01:31Z,100,5
2026-09-01T01:31Z,101,3
2026-09-01T01:31Z,102,0
2026-09-01T01:31Z,103,2
2026-09-01T01:31Z,104,4
2026-09-01T01:31Z,105,1
2026-09-01T01:46Z,1,0
2026-09-01T01:46Z,2,8
2026-09-01T01:46Z,3,3
2026-09-01T01:46Z,4,5
2026-09-01T01:46Z,5,4
2026-09-01T01:46Z,6,3
2026-09-01T01:46Z,7,1
2026-09-01T01:46Z,8,2
2026-09-01T01:46Z,9,4
2026-09-01T01:46Z,10,4
2026-09-01T01:46Z,11,1
2026-09-01T01:46Z,12,3
2026-09-01T01:46Z,13,1
2026-09-01T01:46Z,14,0
2026-09-01T01:46Z,15,2
2026-09-01T01:46Z,16,1
2026-09-01T01:46Z,17,3
2026-09-01T01:46Z,18,2
2026-09-01T01:46Z,19,1
2026-09-01T01:46Z,20,2
2026-09-01T01:46Z,21,1
2026-09-01T01:46Z,22,0
2026-09-01T01:46Z,23,0
2026-09-01T01:46Z,24,2
2026-09-01T01:46Z,25,0
2026-09-01T01:46Z,26,1
2026-09-01T01:46Z,27,1
2026-09-01T01:46Z,28,1
2026-09-01T01:46Z,29,4
2026-09-01T01:46Z,30,4
2026-09-01T01:46Z,31,3
2026-09-01T01:46Z,32,1
2026-09-01T01:46Z,33,0
2026-09-01T01:46Z,34,2
2026-09-01T01:46Z,35,1
2026-09-01T01:46Z,36,2
2026-09-01T01:46Z,37,8
2026-09-01T01:46Z,38,0
2026-09-01T01:46Z,39,2
2026-09-01T01:46Z,40,5
2026-09-01T01:46Z,41,0
2026-09-01T01:46Z,42,0
2026-09-01T01:46Z,43,3
2026-09-01T01:46Z,44,4
2026-09-01T01:46Z,45,2
2026-09-01T01:46Z,46,0
2026-09-01T01:46Z,47,0
2026-09-01T01:46Z,48,2
2026-09-01T01:46Z,49,2
2026-09-01T01:46Z,50,2
2026-09-01T01:46Z,51,0
2026-09-01T01:46Z,52,3
2026-09-01T01:46Z,53,1
2026-09-01T01:46Z,54,1
2026-09-01T01:46Z,55,0
2026-09-01T01:46Z,56,1
2026-09-01T01:46Z,57,1
2026-09-01T01:46Z,58,2
2026-09-01T01:46Z,59,0
2026-09-01T01:46Z,60,2
2026-09-01T01:46Z,61,1
2026-09-01T01:46Z,62,3
2026-09-01T01:46Z,63,1
2026-09-01T01:46Z,64,0
2026-09-01T01:46Z,65,0
2026-09-01T01:46Z,66,2
2026-09-01T01:46Z,67,0
2026-09-01T01:46Z,68,1
2026-09-01T01:46Z,69,0
2026-09-01T01:46Z,70,0
2026-09-01T01:46Z,71,2
2026-09-01T01:46Z,72,1
2026-09-01T01:46Z,73,0
2026-09-01T01:46Z,74,3
2026-09-01T01:46Z,75,1
2026-09-01T01:46Z,76,2
2026-09-01T01:46Z,77,2
2026-09-01T01:46Z,78,1
2026-09-01T01:46Z,79,5
2026-09-01T01:46Z,80,0
2026-09-01T01:46Z,81,4
2026-09-01T01:46Z,82,0
2026-09-01T01:46Z,83,1
2026-09-01T01:46Z,84,1
2026-09-01T01:46Z,85,2
2026-09-01T01:46Z,86,6
2026-09-01T01:46Z,87,2
2026-09-01T01:46Z,88,3
2026-09-01T01:46Z,89,3
2026-09-01T01:46Z,90,1
2026-09-01T01:46Z,91,0
2026-09-01T01:46Z,92,6
2026-09-01T01:46Z,93,6
2026-09-01T01:46Z,94,1
2026-09-01T01:46Z,95,3
2026-09-01T01:46Z,96,7
2026-09-01T01:46Z,97,0
2026-09-01T01:46Z,98,8
2026-09-01T01:46Z,99,1
2026-09-01T01:46Z,100,5
2026-09-01T01:46Z,101,3
2026-09-01T01:46Z,102,0
2026-09-01T01:46Z,103,1
2026-09-01T01:46Z,104,4
2026-09-01T01:46Z,105,2
2026-09-01T01:57Z,1,0
2026-09-01T01:57Z,2,9
2026-09-01T01:57Z,3,3
2026-09-01T01:57Z,4,4
2026-09-01T01:57Z,5,4
2026-09-01T01:57Z,6,3
2026-09-01T01:57Z,7,1
2026-09-01T01:57Z,8,4
2026-09-01T01:57Z,9,4
2026-09-01T01:57Z,10,4
2026-09-01T01:57Z,11,0
2026-09-01T01:57Z,12,2
2026-09-01T01:57Z,13,1
2026-09-01T01:57Z,14,0
2026-09-01T01:57Z,15,2
2026-09-01T01:57Z,16,1
2026-09-01T01:57Z,17,3
2026-09-01T01:57Z,18,2
2026-09-01T01:57Z,19,1
2026-09-01T01:57Z,20,2
2026-09-01T01:57Z,21,1
2026-09-01T01:57Z,22,0
2026-09-01T01:57Z,23,0
2026-09-01T01:57Z,24,2
2026-09-01T01:57Z,25,0
2026-09-01T01:57Z,26,1
2026-09-01T01:57Z,27,1
2026-09-01T01:57Z,28,1
2026-09-01T01:57Z,29,4
2026-09-01T01:57Z,30,4
2026-09-01T01:57Z,31,3
2026-09-01T01:57Z,32,2
2026-09-01T01:57Z,33,0
2026-09-01T01:57Z,34,1
2026-09-01T01:57Z,35,2
2026-09-01T01:57Z,36,2
2026-09-01T01:57Z,37,9
2026-09-01T01:57Z,38,0
2026-09-01T01:57Z,39,1
2026-09-01T01:57Z,40,5
2026-09-01T01:57Z,41,0
2026-09-01T01:57Z,42,0
2026-09-01T01:57Z,43,4
2026-09-01T01:57Z,44,4
2026-09-01T01:57Z,45,1
2026-09-01T01:57Z,46,1
2026-09-01T01:57Z,47,0
2026-09-01T01:57Z,48,3
2026-09-01T01:57Z,49,1
2026-09-01T01:57Z,50,2
2026-09-01T01:57Z,51,0
2026-09-01T01:57Z,52,3
2026-09-01T01:57Z,53,1
2026-09-01T01:57Z,54,1
2026-09-01T01:57Z,55,0
2026-09-01T01:57Z,56,1
2026-09-01T01:57Z,57,1
2026-09-01T01:57Z,58,3
2026-09-01T01:57Z,59,0
2026-09-01T01:57Z,60,3
2026-09-01T01:57Z,61,2
2026-09-01T01:57Z,62,3
2026-09-01T01:57Z,63,1
2026-09-01T01:57Z,64,1
2026-09-01T01:57Z,65,0
2026-09-01T01:57Z,66,1
2026-09-01T01:57Z,67,0
2026-09-01T01:57Z,68,2
2026-09-01T01:57Z,69,0
2026-09-01T01:57Z,70,0
2026-09-01T01:57Z,71,2
2026-09-01T01:57Z,72,1
2026-09-01T01:57Z,73,0
2026-09-01T01:57Z,74,3
2026-09-01T01:57Z,75,0
2026-09-01T01:57Z,76,2
2026-09-01T01:57Z,77,2
2026-09-01T01:57Z,78,2
2026-09-01T01:57Z,79,5
2026-09-01T01:57Z,80,2
2026-09-01T01:57Z,81,3
2026-09-01T01:57Z,82,0
2026-09-01T01:57Z,83,1
2026-09-01T01:57Z,84,1
2026-09-01T01:57Z,85,2
2026-09-01T01:57Z,86,4
2026-09-01T01:57Z,87,2
2026-09-01T01:57Z,88,3
2026-09-01T01:57Z,89,2
2026-09-01T01:57Z,90,1
2026-09-01T01:57Z,91,0
2026-09-01T01:57Z,92,9
2026-09-01T01:57Z,93,6
2026-09-01T01:57Z,94,0
2026-09-01T01:57Z,95,2
2026-09-01T01:57Z,96,7
2026-09-01T01:57Z,97,0
2026-09-01T01:57Z,98,9
2026-09-01T01:57Z,99,0
2026-09-01T01:57Z,100,5
2026-09-01T01:57Z,101,3
2026-09-01T01:57Z,102,0
2026-09-01T01:57Z,103,1
2026-09-01T01:57Z,104,5
2026-09-01T01:57Z,105,3
2026-09-01T02:01Z,1,0
2026-09-01T02:01Z,2,9
2026-09-01T02:01Z,3,4
2026-09-01T02:01Z,4,4
2026-09-01T02:01Z,5,4
2026-09-01T02:01Z,6,3
2026-09-01T02:01Z,7,1
2026-09-01T02:01Z,8,4
2026-09-01T02:01Z,9,4
2026-09-01T02:01Z,10,5
2026-09-01T02:01Z,11,0
2026-09-01T02:01Z,12,1
2026-09-01T02:01Z,13,1
2026-09-01T02:01Z,14,0
2026-09-01T02:01Z,15,2
2026-09-01T02:01Z,16,1
2026-09-01T02:01Z,17,3
2026-09-01T02:01Z,18,2
2026-09-01T02:01Z,19,1
2026-09-01T02:01Z,20,2
2026-09-01T02:01Z,21,1
2026-09-01T02:01Z,22,0
2026-09-01T02:01Z,23,0
2026-09-01T02:01Z,24,2
2026-09-01T02:01Z,25,0
2026-09-01T02:01Z,26,1
2026-09-01T02:01Z,27,1
2026-09-01T02:01Z,28,1
2026-09-01T02:01Z,29,4
2026-09-01T02:01Z,30,4
2026-09-01T02:01Z,31,3
2026-09-01T02:01Z,32,2
2026-09-01T02:01Z,33,1
2026-09-01T02:01Z,34,1
2026-09-01T02:01Z,35,3
2026-09-01T02:01Z,36,2
2026-09-01T02:01Z,37,9
2026-09-01T02:01Z,38,0
2026-09-01T02:01Z,39,1
2026-09-01T02:01Z,40,5
2026-09-01T02:01Z,41,0
2026-09-01T02:01Z,42,0
2026-09-01T02:01Z,43,5
2026-09-01T02:01Z,44,4
2026-09-01T02:01Z,45,1
2026-09-01T02:01Z,46,1
2026-09-01T02:01Z,47,0
2026-09-01T02:01Z,48,3
2026-09-01T02:01Z,49,1
2026-09-01T02:01Z,50,2
2026-09-01T02:01Z,51,0
2026-09-01T02:01Z,52,3
2026-09-01T02:01Z,53,1
2026-09-01T02:01Z,54,1
2026-09-01T02:01Z,55,0
2026-09-01T02:01Z,56,1
2026-09-01T02:01Z,57,1
2026-09-01T02:01Z,58,3
2026-09-01T02:01Z,59,0
2026-09-01T02:01Z,60,3
2026-09-01T02:01Z,61,2
2026-09-01T02:01Z,62,3
2026-09-01T02:01Z,63,1
2026-09-01T02:01Z,64,1
2026-09-01T02:01Z,65,0
2026-09-01T02:01Z,66,1
2026-09-01T02:01Z,67,0
2026-09-01T02:01Z,68,1
2026-09-01T02:01Z,69,0
2026-09-01T02:01Z,70,0
2026-09-01T02:01Z,71,2
2026-09-01T02:01Z,72,1
2026-09-01T02:01Z,73,0
2026-09-01T02:01Z,74,3
2026-09-01T02:01Z,75,0
2026-09-01T02:01Z,76,2
2026-09-01T02:01Z,77,2
2026-09-01T02:01Z,78,2
2026-09-01T02:01Z,79,6
2026-09-01T02:01Z,80,2
2026-09-01T02:01Z,81,3
2026-09-01T02:01Z,82,0
2026-09-01T02:01Z,83,1
2026-09-01T02:01Z,84,1
2026-09-01T02:01Z,85,2
2026-09-01T02:01Z,86,4
2026-09-01T02:01Z,87,2
2026-09-01T02:01Z,88,3
2026-09-01T02:01Z,89,2
2026-09-01T02:01Z,90,1
2026-09-01T02:01Z,91,0
2026-09-01T02:01Z,92,9
2026-09-01T02:01Z,93,3
2026-09-01T02:01Z,94,0
2026-09-01T02:01Z,95,2
2026-09-01T02:01Z,96,7
2026-09-01T02:01Z,97,0
2026-09-01T02:01Z,98,9
2026-09-01T02:01Z,99,0
2026-09-01T02:01Z,100,5
2026-09-01T02:01Z,101,3
2026-09-01T02:01Z,102,0
2026-09-01T02:01Z,103,1
2026-09-01T02:01Z,104,5
2026-09-01T02:01Z,105,3
2026-09-01T02:15Z,1,0
2026-09-01T02:15Z,2,11
2026-09-01T02:15Z,3,6
2026-09-01T02:15Z,4,3
2026-09-01T02:15Z,5,4
2026-09-01T02:15Z,6,4
2026-09-01T02:15Z,7,1
2026-09-01T02:15Z,8,5
2026-09-01T02:15Z,9,4
2026-09-01T02:15Z,10,5
2026-09-01T02:15Z,11,0
2026-09-01T02:15Z,12,3
2026-09-01T02:15Z,13,2
2026-09-01T02:15Z,14,0
2026-09-01T02:15Z,15,3
2026-09-01T02:15Z,16,0
2026-09-01T02:15Z,17,3
2026-09-01T02:15Z,18,3
2026-09-01T02:15Z,19,1
2026-09-01T02:15Z,20,1
2026-09-01T02:15Z,21,1
2026-09-01T02:15Z,22,0
2026-09-01T02:15Z,23,0
2026-09-01T02:15Z,24,3
2026-09-01T02:15Z,25,1
2026-09-01T02:15Z,26,1
2026-09-01T02:15Z,27,2
2026-09-01T02:15Z,28,1
2026-09-01T02:15Z,29,5
2026-09-01T02:15Z,30,5
2026-09-01T02:15Z,31,2
2026-09-01T02:15Z,32,2
2026-09-01T02:15Z,33,2
2026-09-01T02:15Z,34,1
2026-09-01T02:15Z,35,2
2026-09-01T02:15Z,36,2
2026-09-01T02:15Z,37,9
2026-09-01T02:15Z,38,0
2026-09-01T02:15Z,39,1
2026-09-01T02:15Z,40,5
2026-09-01T02:15Z,41,0
2026-09-01T02:15Z,42,0
2026-09-01T02:15Z,43,5
2026-09-01T02:15Z,44,3
2026-09-01T02:15Z,45,2
2026-09-01T02:15Z,46,1
2026-09-01T02:15Z,47,0
2026-09-01T02:15Z,48,3
2026-09-01T02:15Z,49,1
2026-09-01T02:15Z,50,2
2026-09-01T02:15Z,51,0
2026-09-01T02:15Z,52,1
2026-09-01T02:15Z,53,2
2026-09-01T02:15Z,54,1
2026-09-01T02:15Z,55,0
2026-09-01T02:15Z,56,1
2026-09-01T02:15Z,57,1
2026-09-01T02:15Z,58,4
2026-09-01T02:15Z,59,0
2026-09-01T02:15Z,60,3
2026-09-01T02:15Z,61,2
2026-09-01T02:15Z,62,3
2026-09-01T02:15Z,63,1
2026-09-01T02:15Z,64,1
2026-09-01T02:15Z,65,0
2026-09-01T02:15Z,66,1
2026-09-01T02:15Z,67,0
2026-09-01T02:15Z,68,1
2026-09-01T02:15Z,69,0
2026-09-01T02:15Z,70,0
2026-09-01T02:15Z,71,2
2026-09-01T02:15Z,72,1
2026-09-01T02:15Z,73,0
2026-09-01T02:15Z,74,3
2026-09-01T02:15Z,75,0
2026-09-01T02:15Z,76,1
2026-09-01T02:15Z,77,1
2026-09-01T02:15Z,78,3
2026-09-01T02:15Z,79,5
2026-09-01T02:15Z,80,2
2026-09-01T02:15Z,81,2
2026-09-01T02:15Z,82,0
2026-09-01T02:15Z,83,1
2026-09-01T02:15Z,84,1
2026-09-01T02:15Z,85,1
2026-09-01T02:15Z,86,5
2026-09-01T02:15Z,87,2
2026-09-01T02:15Z,88,3
2026-09-01T02:15Z,89,2
2026-09-01T02:15Z,90,1
2026-09-01T02:15Z,91,0
2026-09-01T02:15Z,92,7
2026-09-01T02:15Z,93,3
2026-09-01T02:15Z,94,0
2026-09-01T02:15Z,95,3
2026-09-01T02:15Z,96,5
2026-09-01T02:15Z,97,0
2026-09-01T02:15Z,98,10
2026-09-01T02:15Z,99,0
2026-09-01T02:15Z,100,5
2026-09-01T02:15Z,101,3
2026-09-01T02:15Z,102,0
2026-09-01T02:15Z,103,1
2026-09-01T02:15Z,104,4
2026-09-01T02:15Z,105,3
2026-09-01T02:31Z,1,0
2026-09-01T02:31Z,2,11
2026-09-01T02:31Z,3,8
2026-09-01T02:31Z,4,3
2026-09-01T02:31Z,5,4
2026-09-01T02:31Z,6,6
2026-09-01T02:31Z,7,2
2026-09-01T02:31Z,8,5
2026-09-01T02:31Z,9,6
2026-09-01T02:31Z,10,5
2026-09-01T02:31Z,11,2
2026-09-01T02:31Z,12,5
2026-09-01T02:31Z,13,4
2026-09-01T02:31Z,14,1
2026-09-01T02:31Z,15,3
2026-09-01T02:31Z,16,2
2026-09-01T02:31Z,17,3
2026-09-01T02:31Z,18,3
2026-09-01T02:31Z,19,2
2026-09-01T02:31Z,20,3
2026-09-01T02:31Z,21,1
2026-09-01T02:31Z,22,1
2026-09-01T02:31Z,23,0
2026-09-01T02:31Z,24,3
2026-09-01T02:31Z,25,1
2026-09-01T02:31Z,26,2
2026-09-01T02:31Z,27,3
2026-09-01T02:31Z,28,3
2026-09-01T02:31Z,29,4
2026-09-01T02:31Z,30,5
2026-09-01T02:31Z,31,2
2026-09-01T02:31Z,32,3
2026-09-01T02:31Z,33,3
2026-09-01T02:31Z,34,2
2026-09-01T02:31Z,35,3
2026-09-01T02:31Z,36,4
2026-09-01T02:31Z,37,11
2026-09-01T02:31Z,38,0
2026-09-01T02:31Z,39,1
2026-09-01T02:31Z,40,5
2026-09-01T02:31Z,41,0
2026-09-01T02:31Z,42,0
2026-09-01T02:31Z,43,5
2026-09-01T02:31Z,44,4
2026-09-01T02:31Z,45,2
2026-09-01T02:31Z,46,2
2026-09-01T02:31Z,47,0
2026-09-01T02:31Z,48,3
2026-09-01T02:31Z,49,1
2026-09-01T02:31Z,50,3
2026-09-01T02:31Z,51,1
2026-09-01T02:31Z,52,2
2026-09-01T02:31Z,53,2
2026-09-01T02:31Z,54,1
2026-09-01T02:31Z,55,1
2026-09-01T02:31Z,56,1
2026-09-01T02:31Z,57,1
2026-09-01T02:31Z,58,4
2026-09-01T02:31Z,59,1
2026-09-01T02:31Z,60,3
2026-09-01T02:31Z,61,2
2026-09-01T02:31Z,62,3
2026-09-01T02:31Z,63,2
2026-09-01T02:31Z,64,3
2026-09-01T02:31Z,65,0
2026-09-01T02:31Z,66,1
2026-09-01T02:31Z,67,0
2026-09-01T02:31Z,68,1
2026-09-01T02:31Z,69,0
2026-09-01T02:31Z,70,0
2026-09-01T02:31Z,71,3
2026-09-01T02:31Z,72,1
2026-09-01T02:31Z,73,0
2026-09-01T02:31Z,74,3
2026-09-01T02:31Z,75,2
2026-09-01T02:31Z,76,1
2026-09-01T02:31Z,77,1
2026-09-01T02:31Z,78,3
2026-09-01T02:31Z,79,7
2026-09-01T02:31Z,80,4
2026-09-01T02:31Z,81,2
2026-09-01T02:31Z,82,1
2026-09-01T02:31Z,83,3
2026-09-01T02:31Z,84,1
2026-09-01T02:31Z,85,1
2026-09-01T02:31Z,86,7
2026-09-01T02:31Z,87,2
2026-09-01T02:31Z,88,3
2026-09-01T02:31Z,89,2
2026-09-01T02:31Z,90,1
2026-09-01T02:31Z,91,0
2026-09-01T02:31Z,92,5
2026-09-01T02:31Z,93,4
2026-09-01T02:31Z,94,1
2026-09-01T02:31Z,95,3
2026-09-01T02:31Z,96,6
2026-09-01T02:31Z,97,0
2026-09-01T02:31Z,98,8
2026-09-01T02:31Z,99,1
2026-09-01T02:31Z,100,7
2026-09-01T02:31Z,101,3
2026-09-01T02:31Z,102,0
2026-09-01T02:31Z,103,0
2026-09-01T02:31Z,104,4
2026-09-01T02:31Z,105,4
2026-09-01T02:46Z,1,0
2026-09-01T02:46Z,2,13
2026-09-01T02:46Z,3,10
2026-09-01T02:46Z,4,6
2026-09-01T02:46Z,5,6
2026-09-01T02:46Z,6,7
2026-09-01T02:46Z,7,4
2026-09-01T02:46Z,8,6
2026-09-01T02:46Z,9,7
2026-09-01T02:46Z,10,3
2026-09-01T02:46Z,11,2
2026-09-01T02:46Z,12,7
2026-09-01T02:46Z,13,6
2026-09-01T02:46Z,14,2
2026-09-01T02:46Z,15,3
2026-09-01T02:46Z,16,2
2026-09-01T02:46Z,17,3
2026-09-01T02:46Z,18,4
2026-09-01T02:46Z,19,3
2026-09-01T02:46Z,20,2
2026-09-01T02:46Z,21,1
2026-09-01T02:46Z,22,1
2026-09-01T02:46Z,23,0
2026-09-01T02:46Z,24,5
2026-09-01T02:46Z,25,1
2026-09-01T02:46Z,26,3
2026-09-01T02:46Z,27,4
2026-09-01T02:46Z,28,6
2026-09-01T02:46Z,29,4
2026-09-01T02:46Z,30,4
2026-09-01T02:46Z,31,2
2026-09-01T02:46Z,32,3
2026-09-01T02:46Z,33,6
2026-09-01T02:46Z,34,4
2026-09-01T02:46Z,35,5
2026-09-01T02:46Z,36,7
2026-09-01T02:46Z,37,10
2026-09-01T02:46Z,38,0
2026-09-01T02:46Z,39,1
2026-09-01T02:46Z,40,5
2026-09-01T02:46Z,41,0
2026-09-01T02:46Z,42,0
2026-09-01T02:46Z,43,4
2026-09-01T02:46Z,44,7
2026-09-01T02:46Z,45,2
2026-09-01T02:46Z,46,2
2026-09-01T02:46Z,47,0
2026-09-01T02:46Z,48,3
2026-09-01T02:46Z,49,1
2026-09-01T02:46Z,50,3
2026-09-01T02:46Z,51,1
2026-09-01T02:46Z,52,2
2026-09-01T02:46Z,53,1
2026-09-01T02:46Z,54,3
2026-09-01T02:46Z,55,3
2026-09-01T02:46Z,56,1
2026-09-01T02:46Z,57,1
2026-09-01T02:46Z,58,3
2026-09-01T02:46Z,59,3
2026-09-01T02:46Z,60,3
2026-09-01T02:46Z,61,5
2026-09-01T02:46Z,62,4
2026-09-01T02:46Z,63,2
2026-09-01T02:46Z,64,3
2026-09-01T02:46Z,65,1
2026-09-01T02:46Z,66,0
2026-09-01T02:46Z,67,0
2026-09-01T02:46Z,68,1
2026-09-01T02:46Z,69,3
2026-09-01T02:46Z,70,2
2026-09-01T02:46Z,71,5
2026-09-01T02:46Z,72,3
2026-09-01T02:46Z,73,1
2026-09-01T02:46Z,74,3
2026-09-01T02:46Z,75,3
2026-09-01T02:46Z,76,2
2026-09-01T02:46Z,77,2
2026-09-01T02:46Z,78,3
2026-09-01T02:46Z,79,9
2026-09-01T02:46Z,80,4
2026-09-01T02:46Z,81,3
2026-09-01T02:46Z,82,2
2026-09-01T02:46Z,83,4
2026-09-01T02:46Z,84,2
2026-09-01T02:46Z,85,1
2026-09-01T02:46Z,86,7
2026-09-01T02:46Z,87,1
2026-09-01T02:46Z,88,5
2026-09-01T02:46Z,89,3
2026-09-01T02:46Z,90,2
2026-09-01T02:46Z,91,2
2026-09-01T02:46Z,92,6
2026-09-01T02:46Z,93,6
2026-09-01T02:46Z,94,2
2026-09-01T02:46Z,95,3
2026-09-01T02:46Z,96,4
2026-09-01T02:46Z,97,1
2026-09-01T02:46Z,98,9
2026-09-01T02:46Z,99,2
2026-09-01T02:46Z,100,5
2026-09-01T02:46Z,101,2
2026-09-01T02:46Z,102,0
2026-09-01T02:46Z,103,0
2026-09-01T02:46Z,104,7
2026-09-01T02:46Z,105,4
2026-09-01T03:01Z,1,1
2026-09-01T03:01Z,2,19
2026-09-01T03:01Z,3,12
2026-09-01T03:01Z,4,7
2026-09-01T03:01Z,5,6
2026-09-01T03:01Z,6,7
2026-09-01T03:01Z,7,5
2026-09-01T03:01Z,8,8
2026-09-01T03:01Z,9,9
2026-09-01T03:01Z,10,6
2026-09-01T03:01Z,11,4
2026-09-01T03:01Z,12,9
2026-09-01T03:01Z,13,6
2026-09-01T03:01Z,14,2
2026-09-01T03:01Z,15,4
2026-09-01T03:01Z,16,3
2026-09-01T03:01Z,17,5
2026-09-01T03:01Z,18,5
2026-09-01T03:01Z,19,3
2026-09-01T03:01Z,20,3
2026-09-01T03:01Z,21,1
2026-09-01T03:01Z,22,1
2026-09-01T03:01Z,23,0
2026-09-01T03:01Z,24,7
2026-09-01T03:01Z,25,2
2026-09-01T03:01Z,26,4
2026-09-01T03:01Z,27,6
2026-09-01T03:01Z,28,6
2026-09-01T03:01Z,29,6
2026-09-01T03:01Z,30,5
2026-09-01T03:01Z,31,5
2026-09-01T03:01Z,32,3
2026-09-01T03:01Z,33,7
2026-09-01T03:01Z,34,5
2026-09-01T03:01Z,35,6
2026-09-01T03:01Z,36,10
2026-09-01T03:01Z,37,11
2026-09-01T03:01Z,38,0
2026-09-01T03:01Z,39,1
2026-09-01T03:01Z,40,2
2026-09-01T03:01Z,41,0
2026-09-01T03:01Z,42,0
2026-09-01T03:01Z,43,5
2026-09-01T03:01Z,44,12
2026-09-01T03:01Z,45,2
2026-09-01T03:01Z,46,3
2026-09-01T03:01Z,47,0
2026-09-01T03:01Z,48,4
2026-09-01T03:01Z,49,2
2026-09-01T03:01Z,50,3
2026-09-01T03:01Z,51,2
2026-09-01T03:01Z,52,2
2026-09-01T03:01Z,53,1
2026-09-01T03:01Z,54,4
2026-09-01T03:01Z,55,3
2026-09-01T03:01Z,56,2
2026-09-01T03:01Z,57,1
2026-09-01T03:01Z,58,4
2026-09-01T03:01Z,59,3
2026-09-01T03:01Z,60,3
2026-09-01T03:01Z,61,8
2026-09-01T03:01Z,62,4
2026-09-01T03:01Z,63,6
2026-09-01T03:01Z,64,3
2026-09-01T03:01Z,65,1
2026-09-01T03:01Z,66,0
2026-09-01T03:01Z,67,0
2026-09-01T03:01Z,68,2
2026-09-01T03:01Z,69,3
2026-09-01T03:01Z,70,2
2026-09-01T03:01Z,71,10
2026-09-01T03:01Z,72,3
2026-09-01T03:01Z,73,1
2026-09-01T03:01Z,74,2
2026-09-01T03:01Z,75,4
2026-09-01T03:01Z,76,3
2026-09-01T03:01Z,77,3
2026-09-01T03:01Z,78,5
2026-09-01T03:01Z,79,14
2026-09-01T03:01Z,80,5
2026-09-01T03:01Z,81,4
2026-09-01T03:01Z,82,2
2026-09-01T03:01Z,83,4
2026-09-01T03:01Z,84,4
2026-09-01T03:01Z,85,2
2026-09-01T03:01Z,86,10
2026-09-01T03:01Z,87,1
2026-09-01T03:01Z,88,10
2026-09-01T03:01Z,89,4
2026-09-01T03:01Z,90,3
2026-09-01T03:01Z,91,3
2026-09-01T03:01Z,92,6
2026-09-01T03:01Z,93,7
2026-09-01T03:01Z,94,2
2026-09-01T03:01Z,95,4
2026-09-01T03:01Z,96,6
2026-09-01T03:01Z,97,1
2026-09-01T03:01Z,98,8
2026-09-01T03:01Z,99,5
2026-09-01T03:01Z,100,8
2026-09-01T03:01Z,101,3
2026-09-01T03:01Z,102,0
2026-09-01T03:01Z,103,0
2026-09-01T03:01Z,104,9
2026-09-01T03:01Z,105,7
2026-09-01T03:16Z,1,2
2026-09-01T03:16Z,2,21
2026-09-01T03:16Z,3,13
2026-09-01T03:16Z,4,8
2026-09-01T03:16Z,5,10
2026-09-01T03:16Z,6,8
2026-09-01T03:16Z,7,7
2026-09-01T03:16Z,8,8
2026-09-01T03:16Z,9,8
2026-09-01T03:16Z,10,7
2026-09-01T03:16Z,11,6
2026-09-01T03:16Z,12,9
2026-09-01T03:16Z,13,7
2026-09-01T03:16Z,14,2
2026-09-01T03:16Z,15,4
2026-09-01T03:16Z,16,4
2026-09-01T03:16Z,17,6
2026-09-01T03:16Z,18,8
2026-09-01T03:16Z,19,4
2026-09-01T03:16Z,20,5
2026-09-01T03:16Z,21,0
2026-09-01T03:16Z,22,2
2026-09-01T03:16Z,23,0
2026-09-01T03:16Z,24,10
2026-09-01T03:16Z,25,2
2026-09-01T03:16Z,26,5
2026-09-01T03:16Z,27,8
2026-09-01T03:16Z,28,8
2026-09-01T03:16Z,29,8
2026-09-01T03:16Z,30,6
2026-09-01T03:16Z,31,8
2026-09-01T03:16Z,32,5
2026-09-01T03:16Z,33,8
2026-09-01T03:16Z,34,8
2026-09-01T03:16Z,35,9
2026-09-01T03:16Z,36,10
2026-09-01T03:16Z,37,11
2026-09-01T03:16Z,38,0
2026-09-01T03:16Z,39,2
2026-09-01T03:16Z,40,2
2026-09-01T03:16Z,41,0
2026-09-01T03:16Z,42,1
2026-09-01T03:16Z,43,8
2026-09-01T03:16Z,44,16
2026-09-01T03:16Z,45,1
2026-09-01T03:16Z,46,3
2026-09-01T03:16Z,47,0
2026-09-01T03:16Z,48,6
2026-09-01T03:16Z,49,2
2026-09-01T03:16Z,50,5
2026-09-01T03:16Z,51,3
2026-09-01T03:16Z,52,3
2026-09-01T03:16Z,53,1
2026-09-01T03:16Z,54,6
2026-09-01T03:16Z,55,4
2026-09-01T03:16Z,56,1
2026-09-01T03:16Z,57,1
2026-09-01T03:16Z,58,4
2026-09-01T03:16Z,59,4
2026-09-01T03:16Z,60,3
2026-09-01T03:16Z,61,10
2026-09-01T03:16Z,62,4
2026-09-01T03:16Z,63,8
2026-09-01T03:16Z,64,3
2026-09-01T03:16Z,65,2
2026-09-01T03:16Z,66,0
2026-09-01T03:16Z,67,0
2026-09-01T03:16Z,68,3
2026-09-01T03:16Z,69,3
2026-09-01T03:16Z,70,2
2026-09-01T03:16Z,71,13
2026-09-01T03:16Z,72,7
2026-09-01T03:16Z,73,3
2026-09-01T03:16Z,74,5
2026-09-01T03:16Z,75,6
2026-09-01T03:16Z,76,4
2026-09-01T03:16Z,77,5
2026-09-01T03:16Z,78,5
2026-09-01T03:16Z,79,15
2026-09-01T03:16Z,80,6
2026-09-01T03:16Z,81,3
2026-09-01T03:16Z,82,2
2026-09-01T03:16Z,83,5
2026-09-01T03:16Z,84,5
2026-09-01T03:16Z,85,2
2026-09-01T03:16Z,86,15
2026-09-01T03:16Z,87,1
2026-09-01T03:16Z,88,12
2026-09-01T03:16Z,89,5
2026-09-01T03:16Z,90,4
2026-09-01T03:16Z,91,4
2026-09-01T03:16Z,92,7
2026-09-01T03:16Z,93,9
2026-09-01T03:16Z,94,2
2026-09-01T03:16Z,95,5
2026-09-01T03:16Z,96,7
2026-09-01T03:16Z,97,1
2026-09-01T03:16Z,98,6
2026-09-01T03:16Z,99,6
2026-09-01T03:16Z,100,10
2026-09-01T03:16Z,101,3
2026-09-01T03:16Z,102,0
2026-09-01T03:16Z,103,0
2026-09-01T03:16Z,104,11
2026-09-01T03:16Z,105,9
2026-09-01T03:31Z,1,2
2026-09-01T03:31Z,2,29
2026-09-01T03:31Z,3,16
2026-09-01T03:31Z,4,11
2026-09-01T03:31Z,5,13
2026-09-01T03:31Z,6,8
2026-09-01T03:31Z,7,7
2026-09-01T03:31Z,8,11
2026-09-01T03:31Z,9,13
2026-09-01T03:31Z,10,8
2026-09-01T03:31Z,11,8
2026-09-01T03:31Z,12,9
2026-09-01T03:31Z,13,9
2026-09-01T03:31Z,14,3
2026-09-01T03:31Z,15,10
2026-09-01T03:31Z,16,5
2026-09-01T03:31Z,17,8
2026-09-01T03:31Z,18,11
2026-09-01T03:31Z,19,4
2026-09-01T03:31Z,20,7
2026-09-01T03:31Z,21,2
2026-09-01T03:31Z,22,3
2026-09-01T03:31Z,23,0
2026-09-01T03:31Z,24,13
2026-09-01T03:31Z,25,2
2026-09-01T03:31Z,26,5
2026-09-01T03:31Z,27,8
2026-09-01T03:31Z,28,10
2026-09-01T03:31Z,29,10
2026-09-01T03:31Z,30,6
2026-09-01T03:31Z,31,8
2026-09-01T03:31Z,32,6
2026-09-01T03:31Z,33,8
2026-09-01T03:31Z,34,11
2026-09-01T03:31Z,35,12
2026-09-01T03:31Z,36,13
2026-09-01T03:31Z,37,16
2026-09-01T03:31Z,38,0
2026-09-01T03:31Z,39,4
2026-09-01T03:31Z,40,2
2026-09-01T03:31Z,41,0
2026-09-01T03:31Z,42,1
2026-09-01T03:31Z,43,10
2026-09-01T03:31Z,44,18
2026-09-01T03:31Z,45,2
2026-09-01T03:31Z,46,3
2026-09-01T03:31Z,47,0
2026-09-01T03:31Z,48,5
2026-09-01T03:31Z,49,2
2026-09-01T03:31Z,50,6
2026-09-01T03:31Z,51,4
2026-09-01T03:31Z,52,3
2026-09-01T03:31Z,53,1
2026-09-01T03:31Z,54,8
2026-09-01T03:31Z,55,4
2026-09-01T03:31Z,56,1
2026-09-01T03:31Z,57,1
2026-09-01T03:31Z,58,4
2026-09-01T03:31Z,59,10
2026-09-01T03:31Z,60,4
2026-09-01T03:31Z,61,12
2026-09-01T03:31Z,62,5
2026-09-01T03:31Z,63,11
2026-09-01T03:31Z,64,3
2026-09-01T03:31Z,65,3
2026-09-01T03:31Z,66,0
2026-09-01T03:31Z,67,0
2026-09-01T03:31Z,68,4
2026-09-01T03:31Z,69,4
2026-09-01T03:31Z,70,4
2026-09-01T03:31Z,71,16
2026-09-01T03:31Z,72,8
2026-09-01T03:31Z,73,5
2026-09-01T03:31Z,74,7
2026-09-01T03:31Z,75,6
2026-09-01T03:31Z,76,7
2026-09-01T03:31Z,77,7
2026-09-01T03:31Z,78,6
2026-09-01T03:31Z,79,18
2026-09-01T03:31Z,80,9
2026-09-01T03:31Z,81,5
2026-09-01T03:31Z,82,2
2026-09-01T03:31Z,83,6
2026-09-01T03:31Z,84,7
2026-09-01T03:31Z,85,4
2026-09-01T03:31Z,86,18
2026-09-01T03:31Z,87,3
2026-09-01T03:31Z,88,15
2026-09-01T03:31Z,89,7
2026-09-01T03:31Z,90,5
2026-09-01T03:31Z,91,6
2026-09-01T03:31Z,92,7
2026-09-01T03:31Z,93,13
2026-09-01T03:31Z,94,2
2026-09-01T03:31Z,95,5
2026-09-01T03:31Z,96,7
2026-09-01T03:31Z,97,1
2026-09-01T03:31Z,98,5
2026-09-01T03:31Z,99,6
2026-09-01T03:31Z,100,10
2026-09-01T03:31Z,101,3
2026-09-01T03:31Z,102,0
2026-09-01T03:31Z,103,0
2026-09-01T03:31Z,104,15
2026-09-01T03:31Z,105,12
2026-09-01T03:45Z,1,3
2026-09-01T03:45Z,2,30
2026-09-01T03:45Z,3,20
2026-09-01T03:45Z,4,11
2026-09-01T03:45Z,5,16
2026-09-01T03:45Z,6,9
2026-09-01T03:45Z,7,8
2026-09-01T03:45Z,8,15
2026-09-01T03:45Z,9,15
2026-09-01T03:45Z,10,10
2026-09-01T03:45Z,11,11
2026-09-01T03:45Z,12,10
2026-09-01T03:45Z,13,10
2026-09-01T03:45Z,14,4
2026-09-01T03:45Z,15,11
2026-09-01T03:45Z,16,10
2026-09-01T03:45Z,17,12
2026-09-01T03:45Z,18,14
2026-09-01T03:45Z,19,4
2026-09-01T03:45Z,20,9
2026-09-01T03:45Z,21,2
2026-09-01T03:45Z,22,3
2026-09-01T03:45Z,23,0
2026-09-01T03:45Z,24,15
2026-09-01T03:45Z,25,3
2026-09-01T03:45Z,26,5
2026-09-01T03:45Z,27,11
2026-09-01T03:45Z,28,13
2026-09-01T03:45Z,29,14
2026-09-01T03:45Z,30,10
2026-09-01T03:45Z,31,7
2026-09-01T03:45Z,32,6
2026-09-01T03:45Z,33,12
2026-09-01T03:45Z,34,18
2026-09-01T03:45Z,35,13
2026-09-01T03:45Z,36,18
2026-09-01T03:45Z,37,21
2026-09-01T03:45Z,38,0
2026-09-01T03:45Z,39,6
2026-09-01T03:45Z,40,1
2026-09-01T03:45Z,41,0
2026-09-01T03:45Z,42,2
2026-09-01T03:45Z,43,11
2026-09-01T03:45Z,44,21
2026-09-01T03:45Z,45,2
2026-09-01T03:45Z,46,6
2026-09-01T03:45Z,47,0
2026-09-01T03:45Z,48,6
2026-09-01T03:45Z,49,2
2026-09-01T03:45Z,50,6
2026-09-01T03:45Z,51,10
2026-09-01T03:45Z,52,4
2026-09-01T03:45Z,53,1
2026-09-01T03:45Z,54,8
2026-09-01T03:45Z,55,6
2026-09-01T03:45Z,56,1
2026-09-01T03:45Z,57,4
2026-09-01T03:45Z,58,3
2026-09-01T03:45Z,59,13
2026-09-01T03:45Z,60,4
2026-09-01T03:45Z,61,20
2026-09-01T03:45Z,62,5
2026-09-01T03:45Z,63,14
2026-09-01T03:45Z,64,6
2026-09-01T03:45Z,65,3
2026-09-01T03:45Z,66,0
2026-09-01T03:45Z,67,0
2026-09-01T03:45Z,68,6
2026-09-01T03:45Z,69,5
2026-09-01T03:45Z,70,6
2026-09-01T03:45Z,71,17
2026-09-01T03:45Z,72,14
2026-09-01T03:45Z,73,7
2026-09-01T03:45Z,74,8
2026-09-01T03:45Z,75,9
2026-09-01T03:45Z,76,7
2026-09-01T03:45Z,77,8
2026-09-01T03:45Z,78,14
2026-09-01T03:45Z,79,20
2026-09-01T03:45Z,80,11
2026-09-01T03:45Z,81,8
2026-09-01T03:45Z,82,2
2026-09-01T03:45Z,83,7
2026-09-01T03:45Z,84,11
2026-09-01T03:45Z,85,4
2026-09-01T03:45Z,86,16
2026-09-01T03:45Z,87,3
2026-09-01T03:45Z,88,18
2026-09-01T03:45Z,89,15
2026-09-01T03:45Z,90,7
2026-09-01T03:45Z,91,7
2026-09-01T03:45Z,92,7
2026-09-01T03:45Z,93,15
2026-09-01T03:45Z,94,2
2026-09-01T03:45Z,95,9
2026-09-01T03:45Z,96,11
2026-09-01T03:45Z,97,1
2026-09-01T03:45Z,98,6
2026-09-01T03:45Z,99,8
2026-09-01T03:45Z,100,11
2026-09-01T03:45Z,101,7
2026-09-01T03:45Z,102,0
2026-09-01T03:45Z,103,0
2026-09-01T03:45Z,104,21
2026-09-01T03:45Z,105,13
